2001-2005 WLD,,,2001-2005 CHN,,,2001-2005 USA,,,2006-2010 WLD,,,2006-2010 CHN,,,2006-2010 USA,,,2011-2015 WLD,,,2011-2015 CHN,,,2011-2015 USA,,
product1,product2,proximity,product1,product2,proximity,product1,product2,proximity,product1,product2,proximity,product1,product2,proximity,product1,product2,proximity,product1,product2,proximity,product1,product2,proximity,product1,product2,proximity
8462,8459,0.869269231,412,411,0.8,3414,3510,0.9,8459,8462,0.862368661,4244,4242,0.866666667,13,3414,0.9,8462,8459,0.862139001,4244,4242,0.933333333,2518,541,0.9
8459,8462,0.869269231,4244,4242,0.8,13,6411,0.9,8462,8459,0.862368661,4242,4244,0.866666667,3414,13,0.9,8459,8462,0.862139001,4242,4244,0.933333333,541,13,0.9
8431,8421,0.860133566,4242,4244,0.8,3510,6411,0.9,8451,8459,0.832369523,8431,8424,0.824880383,13,411,0.9,8462,8451,0.853724879,8434,8433,0.874259699,13,541,0.9
8421,8431,0.860133566,411,412,0.8,3510,3414,0.9,8459,8451,0.832369523,8424,8431,0.824880383,913,13,0.9,8451,8462,0.853724879,8433,8434,0.874259699,541,2518,0.9
8459,8439,0.851968085,7416,7492,0.722394221,13,3414,0.9,8459,8452,0.828209178,8434,8431,0.811315585,411,13,0.9,8441,8439,0.835550441,8433,8431,0.864828431,541,6411,0.9
8439,8459,0.851968085,7492,7416,0.722394221,6411,13,0.9,8452,8459,0.828209178,8431,8434,0.811315585,13,913,0.9,8439,8441,0.835550441,8431,8433,0.864828431,6411,541,0.9
8452,8459,0.843801418,6535,6538,0.712857143,6411,3510,0.9,8434,8433,0.825067319,8435,8433,0.811128378,8459,8451,0.873778608,8434,8433,0.832591415,8435,8433,0.861976381,13,913,0.866666667
8459,8452,0.843801418,6538,6535,0.712857143,3414,13,0.9,8433,8434,0.825067319,8433,8435,0.811128378,8451,8459,0.873778608,8433,8434,0.832591415,8433,8435,0.861976381,541,913,0.866666667
8451,8459,0.839968085,5827,5154,0.705952381,8462,8459,0.840472543,8431,8434,0.821405328,7452,7449,0.803928571,8462,8459,0.814672619,8423,8439,0.828870928,8431,8434,0.835392031,913,541,0.866666667
8459,8451,0.839968085,5154,5827,0.705952381,8459,8462,0.840472543,8434,8431,0.821405328,7449,7452,0.803928571,8459,8462,0.814672619,8439,8423,0.828870928,8434,8431,0.835392031,913,13,0.866666667
8439,8434,0.835741757,7452,7449,0.705833333,8459,8451,0.820171874,8452,8435,0.820897436,8431,8439,0.800272071,8451,8439,0.809660895,8459,8451,0.822971879,8435,8431,0.827150058,8451,8459,0.85370479
8434,8439,0.835741757,7449,7452,0.705833333,8451,8459,0.820171874,8435,8452,0.820897436,8439,8431,0.800272071,8439,8451,0.809660895,8451,8459,0.822971879,8431,8435,0.827150058,8459,8451,0.85370479
8451,8452,0.835112697,7416,7272,0.705272372,8423,8439,0.802382229,8439,8423,0.81980735,8435,8434,0.790004163,8459,8439,0.808441558,8462,8439,0.821872587,8435,8439,0.819370016,8459,8463,0.834781979
8452,8451,0.835112697,7272,7416,0.705272372,8439,8423,0.802382229,8423,8439,0.81980735,8434,8435,0.790004163,8439,8459,0.808441558,8439,8462,0.821872587,8439,8435,0.819370016,8463,8459,0.834781979
8431,8434,0.834536394,7413,7416,0.702694236,3510,541,0.8,8439,8459,0.817064507,8431,8435,0.787935274,8435,8434,0.802580306,8434,8452,0.817246082,8434,8439,0.81827026,3510,541,0.8
8434,8431,0.834536394,7416,7413,0.702694236,541,13,0.8,8459,8439,0.817064507,8435,8431,0.787935274,8434,8435,0.802580306,8452,8434,0.817246082,8439,8434,0.81827026,6411,13,0.8
8463,8459,0.834069828,5155,5827,0.693571429,13,541,0.8,8451,8452,0.815632029,8423,8439,0.771271539,2512,2518,0.8,8441,8462,0.811478401,8439,8452,0.811583407,2518,13,0.8
8459,8463,0.834069828,5827,5155,0.693571429,541,3510,0.8,8452,8451,0.815632029,8439,8423,0.771271539,2518,13,0.8,8462,8441,0.811478401,8452,8439,0.811583407,3510,2518,0.8
8439,8423,0.832275175,7452,8745,0.691218487,541,6411,0.8,8434,8435,0.813580171,7412,7452,0.767032967,541,13,0.8,8462,8463,0.810363207,8434,8435,0.810477154,3414,541,0.8
8423,8439,0.832275175,8745,7452,0.691218487,3414,6411,0.8,8435,8434,0.813580171,7452,7412,0.767032967,2518,541,0.8,8463,8462,0.810363207,8435,8434,0.810477154,6411,2518,0.8
8434,8433,0.828446046,6531,6560,0.68952381,6411,3414,0.8,8433,8435,0.805725462,8439,8435,0.765643417,13,2518,0.8,8435,8439,0.807818194,8431,8452,0.804907711,541,3510,0.8
8433,8434,0.828446046,6560,6531,0.68952381,6411,541,0.8,8435,8433,0.805725462,8435,8439,0.765643417,13,3223,0.8,8439,8435,0.807818194,8452,8431,0.804907711,13,2518,0.8
8435,8434,0.825352361,7272,7449,0.688412698,8462,8451,0.773114459,8452,8433,0.801243389,8434,8439,0.764356232,913,411,0.8,8459,8463,0.807572534,8435,8452,0.80470502,2518,6411,0.8
8434,8435,0.825352361,7449,7272,0.688412698,8451,8462,0.773114459,8433,8452,0.801243389,8439,8434,0.764356232,913,541,0.8,8463,8459,0.807572534,8452,8435,0.80470502,2518,3510,0.8
8452,8435,0.821669715,7429,7449,0.687254902,8439,8462,0.769227053,8441,8439,0.798859811,8439,8424,0.761437908,3223,13,0.8,8439,8451,0.80490694,8463,8459,0.803974359,13,6411,0.8
8435,8452,0.821669715,7449,7429,0.687254902,8462,8439,0.769227053,8439,8441,0.798859811,8424,8439,0.761437908,13,541,0.8,8451,8439,0.80490694,8459,8463,0.803974359,541,3414,0.8
8452,8434,0.820826257,8743,7449,0.683748934,7821,11,0.766666667,8424,8421,0.797161359,8439,8459,0.760073959,541,913,0.8,6994,7849,0.803896104,8462,8459,0.80331309,8463,8451,0.786533829
8434,8452,0.820826257,7449,8743,0.683748934,11,7821,0.766666667,8421,8424,0.797161359,8459,8439,0.760073959,541,2518,0.8,7849,6994,0.803896104,8459,8462,0.80331309,8451,8463,0.786533829
8452,8439,0.817676925,5914,7742,0.681218781,8442,8443,0.762594086,8431,8421,0.796144222,8424,8434,0.759769642,3414,411,0.8,8451,8441,0.80036432,11,112,0.8,8459,8462,0.781103583
8439,8452,0.817676925,7742,5914,0.681218781,8443,8442,0.762594086,8421,8431,0.796144222,8434,8424,0.759769642,411,913,0.8,8441,8451,0.80036432,112,11,0.8,8462,8459,0.781103583
8463,8462,0.817593944,7281,7361,0.676410256,8459,8439,0.759691156,8451,8441,0.788662998,8459,8462,0.759239851,3414,3223,0.8,8439,8434,0.796953272,8433,8439,0.794820105,8423,8439,0.778945432
8462,8463,0.817593944,7361,7281,0.676410256,8439,8459,0.759691156,8441,8451,0.788662998,8462,8459,0.759239851,913,3414,0.8,8434,8439,0.796953272,8439,8433,0.794820105,8439,8423,0.778945432
8433,8452,0.816208462,7283,7449,0.674166667,8462,8423,0.758249697,8439,8462,0.785425467,8743,7721,0.757876906,2518,2512,0.8,8441,8423,0.793834868,8452,8433,0.792279412,8451,8462,0.777237671
8452,8433,0.816208462,7449,7283,0.674166667,8423,8462,0.758249697,8462,8439,0.785425467,7721,8743,0.757876906,2518,913,0.8,8423,8441,0.793834868,8433,8452,0.792279412,8462,8451,0.777237671
8441,8439,0.813986157,7492,7449,0.670416237,8439,8434,0.757443403,8463,8459,0.784104405,8434,8433,0.756354895,913,2518,0.8,8434,8424,0.793358207,8434,8452,0.78899841,8423,8441,0.767480799
8439,8441,0.813986157,7449,7492,0.670416237,8434,8439,0.757443403,8459,8463,0.784104405,8433,8434,0.756354895,3223,3414,0.8,8424,8434,0.793358207,8452,8434,0.78899841,8441,8423,0.767480799
8439,8424,0.810461806,5139,7272,0.66981241,8441,8452,0.756857143,8441,8459,0.783869115,112,4113,0.75,411,3414,0.8,8421,8424,0.790925578,8431,8439,0.78834727,913,2518,0.766666667
8424,8439,0.810461806,7272,5139,0.66981241,8452,8441,0.756857143,8459,8441,0.783869115,4113,112,0.75,3414,913,0.8,8424,8421,0.790925578,8439,8431,0.78834727,6411,913,0.766666667
8459,8423,0.809832547,7449,8996,0.669509804,8434,8435,0.755501346,8462,8452,0.779571298,8459,8463,0.748629509,8459,8463,0.791368511,8439,8459,0.790142664,8462,8463,0.787925697,2518,913,0.766666667
8423,8459,0.809832547,8996,7449,0.669509804,8435,8434,0.755501346,8452,8462,0.779571298,8463,8459,0.748629509,8463,8459,0.791368511,8459,8439,0.790142664,8463,8462,0.787925697,3223,6411,0.766666667
8462,8439,0.809352471,7283,7272,0.669206349,8451,8452,0.753442313,8434,8452,0.77875153,7431,7493,0.747058824,8423,8451,0.784726151,8434,8435,0.789238186,8463,8451,0.784872183,3223,2518,0.766666667
8439,8462,0.809352471,7272,7283,0.669206349,8452,8451,0.753442313,8452,8434,0.77875153,7493,7431,0.747058824,8451,8423,0.784726151,8435,8434,0.789238186,8451,8463,0.784872183,913,6411,0.766666667
8462,8452,0.809031958,7764,7599,0.668787879,8433,8434,0.752738388,8462,8451,0.775329468,8423,8434,0.746718829,8439,8423,0.782575758,8462,8423,0.788622343,8424,8431,0.783957642,2518,3223,0.766666667
8452,8462,0.809031958,7599,7764,0.668787879,8434,8433,0.752738388,8451,8462,0.775329468,8434,8423,0.746718829,8423,8439,0.782575758,8423,8462,0.788622343,8431,8424,0.783957642,541,3223,0.766666667
8451,8439,0.806861539,7429,7452,0.66162465,8431,8421,0.7500693,8462,8463,0.772533411,8431,8423,0.745373237,8451,8441,0.775290762,7139,7849,0.787628161,8451,8462,0.780701754,6411,3223,0.766666667
8439,8451,0.806861539,7452,7429,0.66162465,8421,8431,0.7500693,8463,8462,0.772533411,8423,8431,0.745373237,8441,8451,0.775290762,7849,7139,0.787628161,8462,8451,0.780701754,3223,541,0.766666667
8463,8439,0.80362528,7416,7449,0.66121431,8423,8459,0.747835878,8439,8434,0.771359891,8433,8452,0.744761905,8435,8441,0.775023259,8459,8441,0.786791042,8423,8462,0.776067173,8462,8463,0.76117529
8439,8463,0.80362528,7449,7416,0.66121431,8459,8423,0.747835878,8434,8439,0.771359891,8452,8433,0.744761905,8441,8435,0.775023259,8441,8459,0.786791042,8462,8423,0.776067173,8463,8462,0.76117529
8434,8421,0.801584365,7439,7416,0.658655831,8441,8435,0.747737801,7849,6994,0.77122807,8433,8431,0.743570574,8463,8451,0.763446601,7599,7525,0.783333333,8423,8439,0.774106389,8439,8459,0.76115692
8421,8434,0.801584365,7416,7439,0.658655831,8435,8441,0.747737801,6994,7849,0.77122807,8431,8433,0.743570574,8451,8463,0.763446601,7525,7599,0.783333333,8439,8423,0.774106389,8459,8439,0.76115692
8462,8451,0.800942586,7429,7422,0.657612045,8459,8452,0.747720539,8439,8463,0.767323009,7449,8745,0.743459752,8451,8462,0.756784953,8463,8439,0.782547819,8434,8424,0.767875771,8435,8439,0.757594538
8451,8462,0.800942586,7422,7429,0.657612045,8452,8459,0.747720539,8463,8439,0.767323009,8745,7449,0.743459752,8462,8451,0.756784953,8439,8463,0.782547819,8424,8434,0.767875771,8439,8435,0.757594538
8435,8433,0.797701306,7259,7251,0.655909091,8431,8434,0.746403596,8424,8434,0.767096604,8423,8462,0.742753489,8439,8441,0.751608947,8462,8435,0.781349528,8439,8462,0.758054226,8451,8423,0.755609937
8433,8435,0.797701306,7251,7259,0.655909091,8434,8431,0.746403596,8434,8424,0.767096604,8462,8423,0.742753489,8441,8439,0.751608947,8435,8462,0.781349528,8462,8439,0.758054226,8423,8451,0.755609937
8463,8424,0.794255398,7442,7416,0.654639104,8441,8451,0.744443843,8452,8432,0.765646809,8459,8424,0.7421497,8439,8463,0.748470418,8435,8433,0.780612455,7416,7492,0.755873016,8463,8435,0.751292869
8424,8463,0.794255398,7416,7442,0.654639104,8451,8441,0.744443843,8432,8452,0.765646809,8424,8459,0.7421497,8463,8439,0.748470418,8433,8435,0.780612455,7492,7416,0.755873016,8435,8463,0.751292869
8441,8451,0.793069112,7413,7449,0.653888889,8433,8435,0.736128103,8424,8439,0.763980013,7492,8743,0.741438735,8431,8434,0.748394236,8423,8463,0.780148291,8451,8452,0.75522372,8439,8463,0.747681118
8451,8441,0.793069112,7449,7413,0.653888889,8435,8433,0.736128103,8439,8424,0.763980013,8743,7492,0.741438735,8434,8431,0.748394236,8463,8423,0.780148291,8452,8451,0.75522372,8463,8439,0.747681118
8423,8424,0.792207611,7439,7449,0.653837535,8452,8434,0.73275188,8451,8439,0.763371922,7436,7492,0.740347826,8451,8452,0.746198013,8462,8424,0.779011979,8441,8435,0.753161517,8435,8434,0.74623122
8424,8423,0.792207611,7449,7439,0.653837535,8434,8452,0.73275188,8439,8451,0.763371922,7492,7436,0.740347826,8452,8451,0.746198013,8424,8462,0.779011979,8435,8441,0.753161517,8434,8435,0.74623122
8423,8462,0.790426724,7416,7283,0.653008133,6782,7491,0.731796526,8435,8439,0.762205769,8424,8435,0.736395915,8423,8459,0.745773623,8451,8463,0.774970986,8463,8452,0.750235124,8434,8452,0.745636957
8462,8423,0.790426724,7283,7416,0.653008133,7491,6782,0.731796526,8439,8435,0.762205769,8435,8424,0.736395915,8459,8423,0.745773623,8463,8451,0.774970986,8452,8463,0.750235124,8452,8434,0.745636957
8421,8422,0.789887727,575,574,0.65,8441,8439,0.728684665,7764,7768,0.761538462,8463,8439,0.734262126,8441,8459,0.745522463,8439,8424,0.773650464,8441,8439,0.749681021,8462,8423,0.744521757
8422,8421,0.789887727,574,575,0.65,8439,8441,0.728684665,7768,7764,0.761538462,8439,8463,0.734262126,8459,8441,0.745522463,8424,8439,0.773650464,8439,8441,0.749681021,8423,8462,0.744521757
8452,8441,0.788014842,7763,7764,0.649090909,8452,8462,0.727805963,8459,8435,0.760958753,8749,8743,0.733826087,8462,8463,0.744185726,8431,8434,0.773526762,8424,8433,0.746388494,8459,8423,0.743343109
8441,8452,0.788014842,7764,7763,0.649090909,8462,8452,0.727805963,8435,8459,0.760958753,8743,8749,0.733826087,8463,8462,0.744185726,8434,8431,0.773526762,8433,8424,0.746388494,8423,8459,0.743343109
8435,8439,0.784434003,7452,8744,0.648690476,8434,8441,0.727586672,8441,8462,0.759954073,8459,8431,0.733181646,8434,8452,0.743896389,8423,8424,0.772987422,8459,8439,0.74582996,8439,8451,0.737307803
8439,8435,0.784434003,8744,7452,0.648690476,8441,8434,0.727586672,8462,8441,0.759954073,8431,8459,0.733181646,8452,8434,0.743896389,8424,8423,0.772987422,8439,8459,0.74582996,8451,8439,0.737307803
8439,8429,0.782929943,7267,7269,0.647607295,8441,8462,0.725996039,8424,8423,0.757883153,8452,8439,0.732055853,8435,8439,0.739588745,8424,8441,0.771862348,8431,8451,0.74531568,8434,8439,0.730098026
8429,8439,0.782929943,7269,7267,0.647607295,8462,8441,0.725996039,8423,8424,0.757883153,8439,8452,0.732055853,8439,8435,0.739588745,8441,8424,0.771862348,8451,8431,0.74531568,8439,8434,0.730098026
8423,8463,0.779261576,7416,8743,0.647214584,8441,8429,0.725821578,8439,8452,0.757453596,7422,7449,0.727661943,8424,8431,0.737828038,8422,8424,0.771470985,8451,8423,0.744274634,8435,8423,0.72822479
8463,8423,0.779261576,8743,7416,0.647214584,8429,8441,0.725821578,8452,8439,0.757453596,7449,7422,0.727661943,8431,8424,0.737828038,8424,8422,0.771470985,8423,8451,0.744274634,8423,8435,0.72822479
8429,8441,0.778742052,7449,6635,0.64702381,8439,8451,0.724198547,8463,8423,0.7570067,8462,8463,0.726973684,8434,8433,0.73479657,8441,8435,0.769538486,8463,8431,0.743669468,8435,8441,0.724071903
8441,8429,0.778742052,6635,7449,0.64702381,8451,8439,0.724198547,8423,8463,0.7570067,8463,8462,0.726973684,8433,8434,0.73479657,8435,8441,0.769538486,8431,8463,0.743669468,8441,8435,0.724071903
8433,8432,0.775640034,7436,7439,0.646849957,8451,8423,0.719119341,8441,8452,0.755879408,8431,8452,0.726535088,8439,8462,0.733426501,6954,7368,0.768218954,8434,8459,0.741619433,8433,8434,0.721805614
8432,8433,0.775640034,7439,7436,0.646849957,8423,8451,0.719119341,8452,8441,0.755879408,8452,8431,0.726535088,8462,8439,0.733426501,7368,6954,0.768218954,8459,8434,0.741619433,8434,8433,0.721805614
8452,8429,0.7741185,723,722,0.646190476,111,116,0.719047619,7788,7723,0.755463659,7712,7711,0.724968072,7832,11,0.733333333,2875,2874,0.766487179,8451,8459,0.741214575,8431,8434,0.721504117
8429,8452,0.7741185,722,723,0.646190476,116,111,0.719047619,7723,7788,0.755463659,7711,7712,0.724968072,11,7832,0.733333333,2874,2875,0.766487179,8459,8451,0.741214575,8434,8431,0.721504117
8435,8459,0.773769504,7436,7492,0.645907928,7245,7246,0.716666667,8431,8433,0.749341878,572,571,0.723333333,8435,8451,0.730328794,8451,8423,0.765064817,8459,8452,0.740958165,8441,8439,0.72128219
8459,8435,0.773769504,7492,7436,0.645907928,7246,7245,0.716666667,8433,8431,0.749341878,571,572,0.723333333,8451,8435,0.730328794,8423,8451,0.765064817,8452,8459,0.740958165,8439,8441,0.72128219
8442,8441,0.773422292,7422,8743,0.6451635,8423,8441,0.715328706,8431,8435,0.748276591,8423,8459,0.722861481,8463,8441,0.728995939,8429,8441,0.764077814,7436,7439,0.740478469,8451,8441,0.72035754
8441,8442,0.773422292,8743,7422,0.6451635,8441,8423,0.715328706,8435,8431,0.748276591,8459,8423,0.722861481,8441,8463,0.728995939,8441,8429,0.764077814,7439,7436,0.740478469,8441,8451,0.72035754
8459,8441,0.772680851,7283,7452,0.644404762,7413,7272,0.714035088,7849,7810,0.746992481,7412,7449,0.721346154,8439,8434,0.728571429,8452,8433,0.762443439,7439,7492,0.740478469,8435,8459,0.717181147
8441,8459,0.772680851,7452,7283,0.644404762,7272,7413,0.714035088,7810,7849,0.746992481,7449,7412,0.721346154,8434,8439,0.728571429,8433,8452,0.762443439,7492,7439,0.740478469,8459,8435,0.717181147
8462,8424,0.771090031,6541,6551,0.644285714,8463,8441,0.712803933,8459,8423,0.745722905,7259,7251,0.720923521,116,111,0.728571429,8459,8452,0.76073841,7452,7449,0.735848813,8423,8463,0.71222228
8424,8462,0.771090031,6551,6541,0.644285714,8441,8463,0.712803933,8423,8459,0.745722905,7251,7259,0.720923521,111,116,0.728571429,8452,8459,0.76073841,7449,7452,0.735848813,8463,8423,0.71222228
8463,8452,0.767023405,7493,7421,0.643623044,8434,8429,0.708041952,8434,8421,0.744653021,8423,8424,0.720588235,8423,8441,0.722278416,8434,8441,0.76007524,8459,8423,0.735425101,8451,8435,0.709992997
8452,8463,0.767023405,7421,7493,0.643623044,8429,8434,0.708041952,8421,8434,0.744653021,8424,8423,0.720588235,8441,8423,0.722278416,8441,8434,0.76007524,8423,8459,0.735425101,8435,8451,0.709992997
8424,8434,0.766915987,7449,7422,0.642843137,7269,7267,0.707777778,6210,6289,0.742079772,8743,7442,0.718891775,8435,8423,0.715214785,8451,8424,0.757259486,8451,8439,0.735038118,8421,8431,0.707058824
8434,8424,0.766915987,7422,7449,0.642843137,7267,7269,0.707777778,6289,6210,0.742079772,7442,8743,0.718891775,8423,8435,0.715214785,8424,8451,0.757259486,8439,8451,0.735038118,8431,8421,0.707058824
8451,8434,0.766853002,7742,5335,0.642161172,8433,8431,0.704705475,8435,8451,0.740530814,8452,8435,0.718684685,8434,8451,0.712828626,8423,8435,0.754478747,4244,4312,0.733333333,8459,8452,0.705189268
8434,8451,0.766853002,5335,7742,0.642161172,8431,8433,0.704705475,8451,8435,0.740530814,8435,8452,0.718684685,8451,8434,0.712828626,8435,8423,0.754478747,4242,4312,0.733333333,8452,8459,0.705189268
8424,8459,0.764826119,2731,6613,0.641139453,8452,8439,0.703473151,8441,8435,0.736418353,8452,8424,0.71690264,8452,8459,0.709602019,8452,8435,0.75386202,4312,4242,0.733333333,8462,8452,0.702038177
8459,8424,0.764826119,6613,2731,0.641139453,8439,8452,0.703473151,8435,8441,0.736418353,8424,8452,0.71690264,8459,8452,0.709602019,8435,8452,0.75386202,4312,4244,0.733333333,8452,8462,0.702038177
8435,8441,0.763897269,7413,7272,0.64047619,8429,8439,0.70320724,8424,8463,0.735922227,11,4113,0.716666667,8431,8421,0.708845694,7849,7783,0.752578581,7492,7188,0.730735931,8452,8451,0.701317668
8441,8435,0.763897269,7272,7413,0.64047619,8439,8429,0.70320724,8463,8424,0.735922227,4113,11,0.716666667,8421,8431,0.708845694,7783,7849,0.752578581,7188,7492,0.730735931,8451,8452,0.701317668
8451,8463,0.763088214,7442,7449,0.638195087,8423,8463,0.702118955,8441,8429,0.735797843,8452,8459,0.712347176,8441,8452,0.70864899,8424,8431,0.752035008,8435,8451,0.726450679,8452,8439,0.700197588
8463,8451,0.763088214,7449,7442,0.638195087,8463,8423,0.702118955,8429,8441,0.735797843,8459,8452,0.712347176,8452,8441,0.70864899,8431,8424,0.752035008,8451,8435,0.726450679,8439,8452,0.700197588
8435,8429,0.762458553,7412,6635,0.637728938,8429,8423,0.701604268,8462,8435,0.735488077,7283,7449,0.711871345,8441,8434,0.70682815,8423,8434,0.751870909,8451,8434,0.725141949,13,3510,0.7
8429,8435,0.762458553,6635,7412,0.637728938,8423,8429,0.701604268,8435,8462,0.735488077,7449,7283,0.711871345,8434,8441,0.70682815,8434,8423,0.751870909,8434,8451,0.725141949,13,3414,0.7
8423,8441,0.760945078,7429,6635,0.637535014,8422,8424,0.701338854,8424,8431,0.733701159,8423,8463,0.711478023,8423,8462,0.705002596,8431,8433,0.750866455,8463,8439,0.723975625,6411,3510,0.7
8441,8423,0.760945078,6635,7429,0.637535014,8424,8422,0.701338854,8431,8424,0.733701159,8463,8423,0.711478023,8462,8423,0.705002596,8433,8431,0.750866455,8439,8463,0.723975625,6411,3414,0.7
8431,8433,0.759485627,8743,7492,0.637410449,8441,8459,0.701317903,8432,8433,0.732460882,8463,8424,0.708155683,3223,913,0.7,8463,8435,0.750261122,8452,8441,0.723439566,3510,3414,0.7
8433,8431,0.759485627,7492,8743,0.637410449,8459,8441,0.701317903,8433,8432,0.732460882,8424,8463,0.708155683,3510,13,0.7,8435,8463,0.750261122,8441,8452,0.723439566,3510,13,0.7
8434,8432,0.759418562,8743,8720,0.636480534,3223,3510,0.7,6289,7849,0.731012263,6623,7919,0.708131868,2512,541,0.7,8441,8463,0.749680851,7436,7492,0.723370851,3414,6411,0.7
8432,8434,0.759418562,8720,8743,0.636480534,541,3414,0.7,7849,6289,0.731012263,7919,6623,0.708131868,13,2512,0.7,8463,8441,0.749680851,7492,7436,0.723370851,3510,6411,0.7
8433,8439,0.758297639,5139,7742,0.635632407,3510,411,0.7,8443,8442,0.730926478,8433,8439,0.706833036,541,3414,0.7,7764,7768,0.749067599,8463,8435,0.722913165,7915,7832,0.7
8439,8433,0.758297639,7742,5139,0.635632407,3414,3223,0.7,8442,8443,0.730926478,8439,8433,0.706833036,3510,411,0.7,7768,7764,0.749067599,8435,8463,0.722913165,3414,13,0.7
8431,8422,0.758226868,7361,7367,0.635244755,3223,13,0.7,8462,8442,0.7302803,7449,7429,0.70620915,3414,2518,0.7,8435,8459,0.748577525,8424,8439,0.72182709,2518,3414,0.7
8422,8431,0.758226868,7367,7361,0.635244755,411,3510,0.7,8442,8462,0.7302803,7429,7449,0.70620915,3223,411,0.7,8459,8435,0.748577525,8439,8424,0.72182709,3414,2518,0.7
8432,8435,0.756031851,8996,7439,0.634927638,13,411,0.7,8441,8434,0.729835508,8435,8459,0.703430994,541,2512,0.7,8462,8452,0.746623602,7436,6785,0.721223058,3414,3510,0.7
8435,8432,0.756031851,7439,8996,0.634927638,3414,541,0.7,8434,8441,0.729835508,8459,8435,0.703430994,541,411,0.7,8452,8462,0.746623602,6785,7436,0.721223058,7832,7915,0.7
8434,8459,0.753024823,6623,5139,0.633861237,3510,3223,0.7,8424,8441,0.729630853,7439,7436,0.701164968,2512,913,0.7,8431,8421,0.74540025,6785,7492,0.721041239,8463,8452,0.69972228
8459,8434,0.753024823,5139,6623,0.633861237,3223,3414,0.7,8441,8424,0.729630853,7436,7439,0.701164968,2518,411,0.7,8421,8431,0.74540025,7492,6785,0.721041239,8452,8463,0.69972228
8435,8431,0.752142847,7272,7439,0.631316527,13,3223,0.7,8441,8423,0.728666851,8431,8462,0.699515784,913,3223,0.7,8451,8452,0.744309474,8423,8424,0.720697013,8439,8462,0.69716865
8431,8435,0.752142847,7439,7272,0.631316527,411,13,0.7,8423,8441,0.728666851,8462,8431,0.699515784,411,3510,0.7,8452,8451,0.744309474,8424,8423,0.720697013,8462,8439,0.69716865
8435,8451,0.751982923,5139,5335,0.631040724,8423,8452,0.699758165,8439,8433,0.725057448,8434,8459,0.698539894,2518,3414,0.7,8423,8459,0.741775241,8459,8424,0.720566802,8452,8441,0.696830804
8451,8435,0.751982923,5335,5139,0.631040724,8452,8423,0.699758165,8433,8439,0.725057448,8459,8434,0.698539894,13,3510,0.7,8459,8423,0.741775241,8424,8459,0.720566802,8441,8452,0.696830804
7723,7788,0.751111111,7492,8720,0.630196704,8452,8463,0.696967564,8423,8462,0.723669468,8423,8435,0.697874763,3414,541,0.7,8433,8439,0.740417285,7758,8743,0.719641026,5829,5839,0.694172494
7788,7723,0.751111111,8720,7492,0.630196704,8463,8452,0.696967564,8462,8423,0.723669468,8435,8423,0.697874763,411,2518,0.7,8439,8433,0.740417285,8743,7758,0.719641026,5839,5829,0.694172494
8441,8463,0.750856939,7449,6623,0.630119048,8435,8439,0.695684231,8459,8434,0.723134166,8424,8462,0.696863751,411,3223,0.7,8442,8443,0.74016092,7493,7492,0.719480519,8424,8421,0.694106741
8463,8441,0.750856939,6623,7449,0.630119048,8439,8435,0.695684231,8434,8459,0.723134166,8462,8424,0.696863751,411,541,0.7,8443,8442,0.74016092,7492,7493,0.719480519,8421,8424,0.694106741
7849,6289,0.750543024,4113,2681,0.63,5137,5983,0.693921569,7599,7525,0.718727106,8451,8441,0.696434542,913,2512,0.7,8451,8435,0.738733997,8452,8462,0.718819777,8424,8431,0.691810542
6289,7849,0.750543024,2681,4113,0.63,5983,5137,0.693921569,7525,7599,0.718727106,8441,8451,0.696434542,2512,13,0.7,8435,8451,0.738733997,8462,8452,0.718819777,8431,8424,0.691810542
8434,8463,0.750189437,8996,7413,0.62968254,8429,8435,0.687967641,8432,8459,0.717871008,8424,8429,0.695856888,4244,4242,0.695238095,8439,8452,0.736955747,8421,8441,0.716777188,8452,8435,0.691530112
8463,8434,0.750189437,7413,8996,0.62968254,8435,8429,0.687967641,8459,8432,0.717871008,8429,8424,0.695856888,4242,4244,0.695238095,8452,8439,0.736955747,8441,8421,0.716777188,8435,8452,0.691530112
8441,8462,0.749627834,7492,7413,0.629576883,5419,5416,0.683549784,7439,7429,0.715873016,8424,8433,0.694520839,8435,8459,0.694529208,8434,8451,0.735404415,8463,8423,0.716086002,8423,8434,0.690902574
8462,8441,0.749627834,7413,7492,0.629576883,5416,5419,0.683549784,7429,7439,0.715873016,8433,8424,0.694520839,8459,8435,0.694529208,8451,8434,0.735404415,8423,8463,0.716086002,8434,8423,0.690902574
8434,8441,0.749319728,7416,8996,0.629163595,5123,5148,0.683295136,8432,8435,0.712777778,7449,7413,0.693333333,8452,8424,0.689155909,7783,7139,0.732670807,8434,8463,0.715889166,8441,8459,0.689902471
8441,8434,0.749319728,8996,7416,0.629163595,5148,5123,0.683295136,8435,8432,0.712777778,7413,7449,0.693333333,8424,8452,0.689155909,7139,7783,0.732670807,8463,8434,0.715889166,8459,8441,0.689902471
8442,8435,0.748972414,5335,7413,0.627460317,7449,7442,0.682930622,5334,5542,0.712321713,8462,8439,0.692169879,8462,8441,0.688748455,8424,8463,0.727357619,7449,7422,0.715277778,8452,8423,0.689577573
8435,8442,0.748972414,7413,5335,0.627460317,7442,7449,0.682930622,5542,5334,0.712321713,8439,8462,0.692169879,8441,8462,0.688748455,8463,8424,0.727357619,7422,7449,0.715277778,8423,8452,0.689577573
7764,7763,0.747878788,7428,8743,0.626088452,8424,8434,0.679792961,8435,8423,0.712055591,7721,7492,0.689754941,8429,8452,0.688376954,8439,8429,0.726788437,8431,8421,0.714806509,116,111,0.689285714
7763,7764,0.747878788,8743,7428,0.626088452,8434,8424,0.679792961,8423,8435,0.712055591,7492,7721,0.689754941,8452,8429,0.688376954,8429,8439,0.726788437,8421,8431,0.714806509,111,116,0.689285714
2815,2816,0.746382784,6727,6744,0.625822021,8748,8744,0.679411765,7849,7139,0.710701754,8441,8452,0.689150908,8424,8434,0.687881514,8463,8452,0.726145498,8435,8424,0.713940256,8439,8429,0.688434248
2816,2815,0.746382784,6744,6727,0.625822021,8744,8748,0.679411765,7139,7849,0.710701754,8452,8441,0.689150908,8434,8424,0.687881514,8452,8463,0.726145498,8424,8435,0.713940256,8429,8439,0.688434248
8433,8421,0.746018323,7439,7413,0.625723623,8463,8429,0.675631802,7783,7849,0.709179371,7413,7429,0.687990196,8423,8463,0.686090808,8432,8433,0.724880763,8421,8429,0.7130104,8442,8443,0.688041796
8421,8433,0.746018323,7413,7439,0.625723623,8429,8463,0.675631802,7849,7783,0.709179371,7429,7413,0.687990196,8463,8423,0.686090808,8433,8432,0.724880763,8429,8421,0.7130104,8443,8442,0.688041796
8439,8431,0.74515035,5334,5825,0.624725275,8423,8434,0.67491527,8459,8433,0.708163406,7162,6289,0.687869565,8452,8439,0.683203463,8433,8441,0.724554005,722,723,0.712222222,8463,8441,0.687411674
8431,8439,0.74515035,5825,5334,0.624725275,8434,8423,0.67491527,8433,8459,0.708163406,6289,7162,0.687869565,8439,8452,0.683203463,8441,8433,0.724554005,723,722,0.712222222,8441,8463,0.687411674
8432,8452,0.744196918,8744,8745,0.623727645,8462,8463,0.674775447,5334,5335,0.707338936,8463,8429,0.687478277,8435,8431,0.680981241,8462,8434,0.724533215,7492,8743,0.711400932,5824,5825,0.687185243
8452,8432,0.744196918,8745,8744,0.623727645,8463,8462,0.674775447,5335,5334,0.707338936,8429,8463,0.687478277,8431,8435,0.680981241,8434,8462,0.724533215,8743,7492,0.711400932,5825,5824,0.687185243
8429,8451,0.743837129,7449,8745,0.623718487,8433,8432,0.674624226,8510,6123,0.707014548,6289,7721,0.686427442,8431,8452,0.679209745,7373,7369,0.723426213,8749,8743,0.711114367,8441,8434,0.686563853
8451,8429,0.743837129,8745,7449,0.623718487,8432,8433,0.674624226,6123,8510,0.707014548,7721,6289,0.686427442,8452,8431,0.679209745,7369,7373,0.723426213,8743,8749,0.711114367,8434,8441,0.686563853
8435,8421,0.742913864,6551,6573,0.623333333,8422,8431,0.672820706,8422,8424,0.703129818,6623,7369,0.684652015,8452,8435,0.676697995,7599,7764,0.721794872,8431,8459,0.709642375,8451,8429,0.684679273
8421,8435,0.742913864,7264,7244,0.623333333,8431,8422,0.672820706,8424,8422,0.703129818,7369,6623,0.684652015,8435,8452,0.676697995,7764,7599,0.721794872,8459,8431,0.709642375,8429,8451,0.684679273
8424,8422,0.741631681,6573,6551,0.623333333,7281,7361,0.671904762,8451,8434,0.702870257,8463,8431,0.683918129,7442,7449,0.676363636,6421,8931,0.721407837,7422,7429,0.709570495,411,913,0.683333333
8422,8424,0.741631681,7244,7264,0.623333333,7361,7281,0.671904762,8434,8451,0.702870257,8431,8463,0.683918129,7449,7442,0.676363636,8931,6421,0.721407837,7429,7422,0.709570495,913,411,0.683333333
8429,8434,0.74113082,7252,7449,0.621309524,7284,8742,0.671633987,8996,5415,0.702097902,8452,8434,0.68372669,5824,5825,0.675833333,8422,8421,0.721394622,7492,7429,0.709163059,8441,8462,0.682426042
8434,8429,0.74113082,7449,7252,0.621309524,8742,7284,0.671633987,5415,8996,0.702097902,8434,8452,0.68372669,5825,5824,0.675833333,8421,8422,0.721394622,7429,7492,0.709163059,8462,8441,0.682426042
8434,8465,0.740890828,7436,7413,0.620959079,8439,8424,0.670806195,7763,7764,0.7,6744,6745,0.682568543,5139,5148,0.674093567,8452,8424,0.719898918,8429,8439,0.708251273,2816,2516,0.68
8465,8434,0.740890828,7413,7436,0.620959079,8424,8439,0.670806195,7764,7763,0.7,6745,6744,0.682568543,5148,5139,0.674093567,8424,8452,0.719898918,8439,8429,0.708251273,2516,2816,0.68
8439,8465,0.740871089,5162,5989,0.620927318,7429,7188,0.669047619,8434,8423,0.699810694,7731,7721,0.682213439,8459,8434,0.674085616,8422,8463,0.719490651,8452,8424,0.70823455,8452,8424,0.677556022
8465,8439,0.740871089,5989,5162,0.620927318,7188,7429,0.669047619,8423,8434,0.699810694,7721,7731,0.682213439,8434,8459,0.674085616,8463,8422,0.719490651,8424,8452,0.70823455,8424,8452,0.677556022
8429,8431,0.739998619,7442,7413,0.619879411,8429,8452,0.667644447,6635,8121,0.699769231,7452,7422,0.681503759,8433,8435,0.67297619,8452,8441,0.718958189,8439,8421,0.707406493,8424,8434,0.677139356
8431,8429,0.739998619,7413,7442,0.619879411,8452,8429,0.667644447,8121,6635,0.699769231,7422,7452,0.681503759,8435,8433,0.67297619,8441,8452,0.718958189,8421,8439,0.707406493,8434,8424,0.677139356
8462,8435,0.739549981,8743,7429,0.619263792,6343,3223,0.666666667,8422,8432,0.698982968,7599,7764,0.680606061,8423,8434,0.672261653,8996,5416,0.715750916,8743,7721,0.70667366,8429,8423,0.674485407
8435,8462,0.739549981,7429,8743,0.619263792,3223,6343,0.666666667,8432,8422,0.698982968,7764,7599,0.680606061,8434,8423,0.672261653,5416,8996,0.715750916,7721,8743,0.70667366,8423,8429,0.674485407
8463,8435,0.739279542,7259,7252,0.618904429,3510,6343,0.666666667,8423,8451,0.698560963,8720,5416,0.68,8744,8748,0.670457182,8452,8432,0.714255679,8433,8451,0.706479673,6631,7368,0.673333333
8435,8463,0.739279542,7252,7259,0.618904429,6343,3414,0.666666667,8451,8423,0.698560963,5416,8720,0.68,8748,8744,0.670457182,8432,8452,0.714255679,8451,8433,0.706479673,7368,6631,0.673333333
8463,8433,0.73874486,6551,6574,0.618888889,3414,6343,0.666666667,8462,8424,0.697662658,8435,8451,0.679945946,8422,8424,0.670199286,8422,8459,0.712807018,8433,8463,0.705116713,8429,8462,0.671036079
8433,8463,0.73874486,6574,6551,0.618888889,6343,13,0.666666667,8424,8462,0.697662658,8451,8435,0.679945946,8424,8422,0.670199286,8459,8422,0.712807018,8463,8433,0.705116713,8462,8429,0.671036079
8434,8462,0.738228725,7373,7269,0.618787879,6343,3510,0.666666667,8424,8459,0.697424563,8452,8451,0.679480519,8421,8424,0.668413243,8439,8431,0.712733393,7492,5417,0.703818638,8452,8429,0.670593318
8462,8434,0.738228725,7269,7373,0.618787879,7821,7832,0.666666667,8459,8424,0.697424563,8451,8452,0.679480519,8424,8421,0.668413243,8431,8439,0.712733393,5417,7492,0.703818638,8429,8452,0.670593318
7764,7599,0.735384615,5914,7252,0.618531469,7832,7821,0.666666667,2874,2875,0.697169312,7416,7413,0.678998968,5311,5312,0.668315018,7368,7373,0.712663399,8743,7442,0.702609687,8435,8431,0.67012987
7599,7764,0.735384615,7252,5914,0.618531469,13,6343,0.666666667,2875,2874,0.697169312,7413,7416,0.678998968,5312,5311,0.668315018,7373,7368,0.712663399,7442,8743,0.702609687,8431,8435,0.67012987
8441,8424,0.735282858,571,572,0.618333333,5824,5825,0.666047188,484,1110,0.696231884,7188,7442,0.678095238,8463,8452,0.667057955,8434,8459,0.71254623,8462,8441,0.702232855,8434,8463,0.668759019
8424,8441,0.735282858,572,571,0.618333333,5825,5824,0.666047188,1110,484,0.696231884,7442,7188,0.678095238,8452,8463,0.667057955,8459,8434,0.71254623,8441,8462,0.702232855,8463,8434,0.668759019
7849,6991,0.734885621,5335,5824,0.618205128,8435,8421,0.664560484,8451,8463,0.694756598,7422,7429,0.67752838,6611,913,0.666666667,8463,8434,0.712067483,8423,8435,0.701801802,8462,8435,0.667601541
6991,7849,0.734885621,5824,5335,0.618205128,8421,8435,0.664560484,8463,8451,0.694756598,7429,7422,0.67752838,13,6611,0.666666667,8434,8463,0.712067483,8435,8423,0.701801802,8435,8462,0.667601541
8451,8423,0.734806967,7413,8743,0.618179881,8422,8421,0.663607479,8441,8432,0.694382379,7492,6998,0.677219114,13,6343,0.666666667,8439,8422,0.711396761,8462,8434,0.701512605,7361,6631,0.6675
8423,8451,0.734806967,8743,7413,0.618179881,8421,8422,0.663607479,8432,8441,0.694382379,6998,7492,0.677219114,6611,541,0.666666667,8422,8439,0.711396761,8434,8462,0.701512605,6631,7361,0.6675
6210,6289,0.731987578,5827,5836,0.617619048,5335,5825,0.663461538,8421,8435,0.693779432,7452,8745,0.674613003,6343,411,0.666666667,7722,7764,0.710839161,8434,8423,0.70088576,3223,13,0.666666667
6289,6210,0.731987578,5836,5827,0.617619048,5825,5335,0.663461538,8435,8421,0.693779432,8745,7452,0.674613003,2518,6611,0.666666667,7764,7722,0.710839161,8423,8434,0.70088576,3414,913,0.666666667
8465,8435,0.731341328,8742,7452,0.615793651,8434,8421,0.663419328,7369,7373,0.691876751,8463,8435,0.672762989,6611,2518,0.666666667,8431,8435,0.710715979,8452,8423,0.700847907,3223,3510,0.666666667
8435,8465,0.731341328,7452,8742,0.615793651,8421,8434,0.663419328,7373,7369,0.691876751,8435,8463,0.672762989,411,6343,0.666666667,8435,8431,0.710715979,8423,8452,0.700847907,3510,913,0.666666667
8463,8465,0.729914093,5989,8996,0.61576736,7284,7369,0.661622807,8434,8462,0.691621346,8429,8439,0.672742127,913,6611,0.666666667,8424,8435,0.708900135,914,4312,0.7,13,3223,0.666666667
8465,8463,0.729914093,8996,5989,0.61576736,7369,7284,0.661622807,8462,8434,0.691621346,8439,8429,0.672742127,6611,3414,0.666666667,8435,8424,0.708900135,4312,914,0.7,3510,3223,0.666666667
8433,8459,0.728680851,7361,7369,0.614708625,8435,8431,0.660053834,8432,8451,0.691520468,8463,8452,0.672640425,6343,13,0.666666667,8423,8429,0.70841603,7721,7758,0.699128205,913,3414,0.666666667
8459,8433,0.728680851,7369,7361,0.614708625,8431,8435,0.660053834,8451,8432,0.691520468,8452,8463,0.672640425,6343,3510,0.666666667,8429,8423,0.70841603,7758,7721,0.699128205,913,3510,0.666666667
8452,8442,0.726675439,6571,6611,0.613888889,8435,8452,0.659681614,8452,8463,0.691308535,8749,7721,0.670692641,6611,13,0.666666667,6210,6289,0.707461538,8424,8421,0.698008535,8422,8424,0.665710784
8442,8452,0.726675439,6611,6571,0.613888889,8452,8435,0.659681614,8463,8452,0.691308535,7721,8749,0.670692641,3414,6611,0.666666667,6289,6210,0.707461538,8421,8424,0.698008535,8424,8422,0.665710784
6672,2771,0.724987469,5335,7431,0.613818681,8424,8431,0.657570738,8429,8451,0.69122807,7492,7416,0.670687747,3510,6343,0.666666667,6997,7868,0.706567149,7369,6994,0.697857143,8429,8463,0.664006598
2771,6672,0.724987469,7431,5335,0.613818681,8431,8424,0.657570738,8451,8429,0.69122807,7416,7492,0.670687747,541,6611,0.666666667,7868,6997,0.706567149,6994,7369,0.697857143,8463,8429,0.664006598
8434,8422,0.724670543,7452,7412,0.613553114,5148,7246,0.654201681,8463,8421,0.691119409,7493,7169,0.670175439,6782,7491,0.665294978,8434,8432,0.705594197,7422,7452,0.697404664,5335,5825,0.663402993
8422,8434,0.724670543,7412,7452,0.613553114,7246,5148,0.654201681,8421,8463,0.691119409,7169,7493,0.670175439,7491,6782,0.665294978,8432,8434,0.705594197,7452,7422,0.697404664,5825,5335,0.663402993
8441,8433,0.724061521,7452,8743,0.613190537,8439,8463,0.653277481,8442,8459,0.690669727,6535,6538,0.67,8452,8462,0.660680751,6289,7849,0.705002725,8451,8441,0.695440435,7442,7449,0.662555995
8433,8441,0.724061521,8743,7452,0.613190537,8463,8439,0.653277481,8459,8442,0.690669727,6538,6535,0.67,8462,8452,0.660680751,7849,6289,0.705002725,8441,8451,0.695440435,7449,7442,0.662555995
8472,8465,0.723751452,6649,7761,0.613113553,5989,7442,0.652813283,342,360,0.690297101,8996,7451,0.669957246,8431,8433,0.659468954,7868,8121,0.70462963,5825,5334,0.694172494,8433,8452,0.660685484
8465,8472,0.723751452,7761,6649,0.613113553,7442,5989,0.652813283,360,342,0.690297101,7451,8996,0.669957246,8433,8431,0.659468954,8121,7868,0.70462963,5334,5825,0.694172494,8452,8433,0.660685484
8452,8423,0.723394806,7435,7283,0.613076923,7269,5417,0.652170868,8431,8439,0.6893874,8423,8451,0.669407548,7452,7213,0.657864637,8821,5827,0.704444444,8459,8435,0.694116059,8459,8429,0.659534163
8423,8452,0.723394806,7283,7435,0.613076923,5417,7269,0.652170868,8439,8431,0.6893874,8451,8423,0.669407548,7213,7452,0.657864637,5827,8821,0.704444444,8435,8459,0.694116059,8429,8459,0.659534163
8443,8442,0.723371515,7428,7436,0.612595908,8744,8742,0.651911765,8422,8421,0.689256069,8434,8463,0.669384921,2681,2682,0.657142857,8424,8433,0.704086952,8433,8441,0.693805704,8424,8435,0.658862045
8442,8443,0.723371515,7436,7428,0.612595908,8742,8744,0.651911765,8421,8422,0.689256069,8463,8434,0.669384921,2682,2681,0.657142857,8433,8424,0.704086952,8441,8433,0.693805704,8435,8424,0.658862045
8424,8421,0.721893548,8996,7272,0.611904762,8463,8434,0.651880607,8432,8434,0.689094247,7451,7369,0.669033613,7245,7246,0.65375817,8422,8462,0.702280702,7361,7369,0.69228022,8421,8434,0.658556068
8421,8424,0.721893548,7272,8996,0.611904762,8434,8463,0.651880607,8434,8432,0.689094247,7369,7451,0.669033613,7246,7245,0.65375817,8462,8422,0.702280702,7369,7361,0.69228022,8434,8421,0.658556068
8431,8424,0.721615274,8743,8744,0.611280599,8421,8433,0.650886769,8441,8442,0.688609275,7721,7162,0.668971014,8463,8435,0.652406792,8822,5827,0.702222222,7439,7416,0.691419458,7493,7429,0.654619034
8424,8431,0.721615274,8744,8743,0.611280599,8433,8421,0.650886769,8442,8441,0.688609275,7162,7721,0.668971014,8435,8463,0.652406792,5827,8822,0.702222222,7416,7439,0.691419458,7429,7493,0.654619034
5123,5162,0.720743034,6623,7413,0.610634921,8744,7439,0.650128205,8422,8431,0.687583329,8463,8451,0.667554671,7821,7832,0.65,8421,8433,0.70188868,7442,6997,0.691108557,5154,5148,0.652394221
5162,5123,0.720743034,7413,6623,0.610634921,7439,8744,0.650128205,8431,8422,0.687583329,8451,8463,0.667554671,7832,7821,0.65,8433,8421,0.70188868,6997,7442,0.691108557,5148,5154,0.652394221
